Create database QLTV;
use QLTV;


CREATE TABLE Sach (
    masach CHAR(4) PRIMARY KEY NOT NULL,
    tensach NVARCHAR(50) NOT NULL,
    theloai NVARCHAR(50) NOT NULL,
    nhaxb NVARCHAR(50) NOT NULL,
    namxb CHAR(4) NOT NULL,
    tacgia NVARCHAR(50) NOT NULL,
    vitri CHAR(2) NOT NULL,  
    trangthai BIT NOT NULL, 
    hientrangtruoc CHAR(1) NOT NULL,
	isdelete BIT NOT NULL
);

INSERT INTO Sach (masach, tensach, theloai, nhaxb, namxb, tacgia, vitri, trangthai, hientrangtruoc, isdelete) 
VALUES 
('S000', N'Tiếng Chim Hót Trong Bụi Mận Gai', N'Trinh thám', N'NXB Trẻ', '2010', N'Lê Huy Đức', 'T1', 1, '1', 0),
('S001', N'Chuyện Phố Cổ', N'Văn học', N'NXB Kim Đồng', '1994', N'Đỗ Tiến', 'T2', 0, '1', 0),
('S002', N'Đêm Lang', N'Tiểu thuyết', N'NXB Văn học', '2005', N'Nguyễn Huy Tưởng', 'T3', 1, '1', 0),
('S003', N'Số Đỏ', N'Tiểu thuyết', N'NXB Trẻ', '2012', N'Vũ Trọng Phụng', 'T4', 0, '1', 0),
('S004', N'Tắt Đèn', N'Tiểu thuyết', N'NXB Kim Đồng', '1937', N'Ngô Tất Tố', 'T5', 1, '1', 0),
('S005', N'Lặng Lẽ Sông Don', N'Tiểu thuyết', N'NXB Văn học', '1960', N'Mikhail Sholokhov', 'T5', 0, '1', 0),
('S006', N'Hamlet', N'Kịch', N'NXB Kim Đồng', '1603', N'William Shakespeare', 'T4', 1, '1', 0),
('S007', N'Romeo và Juliet', N'Kịch', N'NXB Văn học', '1597', N'William Shakespeare', 'T3', 0, '1', 0),
('S008', N'Bắt Trẻ Đồng Xanh', N'Tiểu thuyết', N'NXB Trẻ', '1951', N'J.D. Salinger', 'T2', 1, '1', 0),
('S009', N'Nhà Giả Kim', N'Tiểu thuyết', N'NXB Kim Đồng', '1988', N'Paulo Coelho', 'T1', 0, '1', 0),
('S010', N'Hai vạn dặm dưới đáy biển', N'Tiểu thuyết', N'NXB Văn học', '1870', N'Jules Verne', 'T1', 1, '1', 0),
('S011', N'Chiến tranh và Hòa bình', N'Tiểu thuyết', N'NXB Kim Đồng', '1869', N'Lev Tolstoy', 'T2', 0, '1', 0),
('S012', N'Tội ác và trừng phạt', N'Tiểu thuyết', N'NXB Văn học', '1866', N'Fyodor Dostoevsky', 'T3', 1, '1', 0),
('S013', N'Anna Karenina', N'Tiểu thuyết', N'NXB Kim Đồng', '1878', N'Lev Tolstoy', 'T1', 0, '1', 0),
('S014', N'Những kẻ khốn cùng', N'Tiểu thuyết', N'NXB Văn học', '1862', N'Victor Hugo', 'T5', 1, '1', 0),
('S015', N'Thuốc phiện', N'Tiểu thuyết', N'NXB Kim Đồng', '1860', N'Tự Lập', 'T5', 0, '1', 0),
('S016', N'Chí Phèo', N'Tiểu thuyết', N'NXB Văn học', '1936', N'Nam Cao', 'T4', 1, '1', 0),
('S017', N'Số phận con người', N'Truyện ngắn', N'NXB Kim Đồng', '1959', N'Mikhail Sholokhov', 'T3', 0, '1', 0),
('S018', N'Lặng lẽ sau chiến tranh', N'Truyện ngắn', N'NXB Văn học', '1972', N'Lê Lựu', 'T2', 1, '1', 0),
('S019', N'Đôi mắt người mẹ', N'Truyện ngắn', N'NXB Kim Đồng', '1959', N'Nguyễn Quang Sáng', 'T1', 0, '1', 0),
('S020', N'Buổi sáng của lăng Cô', N'Thơ', N'NXB Văn học', '1938', N'Hồ Xuân Hương', 'T5', 1, '1', 0),
('S021', N'Từ ấy', N'Thơ', N'NXB Kim Đồng', '1938', N'Hồ Xuân Hương', 'T4', 1, '1', 0),
('S022', N'Ngẫu hứng', N'Thơ', N'NXB Văn học', '1939', N'Nguyễn Du', 'T3', 0, '1', 0),
('S023', N'Cảnh Đoàn thuyền', N'Thơ', N'NXB Kim Đồng', '1945', N'Nguyễn Trãi', 'T2', 0, '1', 0),
('S024', N'Qua Đèo Ngang', N'Thơ', N'NXB Văn học', '1802', N'Bà Huyện Thanh Quan', 'T1', 1, '1', 0),
('S025', N'Viếng Lăng Bác', N'Thơ', N'NXB Văn học', '1976', N'Viễn Phương', 'T5', 0, '1', 0),
('S026', N'Nhớ Rừng', N'Thơ', N'NXB Văn học', '1942', N'Muội Trần', 'T4', 1, '1', 0),
('S027', N'Về thăm nhà bác', N'Thơ', N'NXB Kim Đồng', '1959', N'Tố Hữu', 'T3', 0, '1', 0),
('S028', N'Mẹ Tơm', N'Thơ', N'NXB Văn học', '1968', N'Hồ Xuân Hương', 'T2', 1, '1', 0),
('S029', N'Con cò', N'Ca dao', N'NXB Kim Đồng', '1960', N'Tác giả dân gian', 'T1', 0, '1', 0),
('S030', N'Áo mùa thu', N'Ca dao', N'NXB Văn học', '1972', N'Tác giả dân gian', 'T2', 1, '1', 0),
('S031', N'Bèo dạt mây trôi', N'Ca dao', N'NXB Kim Đồng', '1957', N'Tác giả dân gian', 'T3', 0, '1', 0),
('S032', N'Đi cấy', N'Ca dao', N'NXB Văn học', '1979', N'Tác giả dân gian', 'T4', 1, '1', 0),
('S033', N'Trên đồng cạn', N'Ca dao', N'NXB Kim Đồng', '1960', N'Tác giả dân gian', 'T5', 0, '1', 0),
('S034', N'Cây đa bến nước', N'Ca dao', N'NXB Văn học', '1980', N'Tác giả dân gian', 'T4', 1, '1', 0),
('S035', N'Gánh lúa', N'Ca dao', N'NXB Kim Đồng', '1975', N'Tác giả dân gian', 'T3', 0, '1', 0),
('S036', N'Làng quê', N'Ca dao', N'NXB Văn học', '1990', N'Tác giả dân gian', 'T2', 1, '1', 0),
('S037', N'Kiều', N'Truyện thơ', N'NXB Kim Đồng', '1802', N'Nguyễn Du', 'T1', 0, '1', 0),
('S038', N'Chí Phèo', N'Tiểu thuyết', N'NXB Văn học', '1936', N'Nam Cao', 'T2', 1, '1', 0),
('S039', N'Số đỏ', N'Tiểu thuyết', N'NXB Kim Đồng', '1937', N'Vũ Trọng Phụng', 'T3', 0, '1', 0);



Create table Sinhvien(
masv char(7) primary key not null, 
tensv nvarchar(50) not null,
sdt char(10) not null,
email nvarchar(50) not null,
matkhau nvarchar(50) not null
);
INSERT INTO Sinhvien (masv, tensv, sdt, email,matkhau) 
VALUES 
('1000001', N'Nguyễn Văn Hùng', '0123456789', N'nguyenvana@example.com',N'123456'),
('1000002', N'Trần Thị Lan', '0987654321', N'tranthilan@example.com',N'123456'),
('1000003', N'Lê Văn Toàn', '0123456789', N'levantoan@example.com',N'123456'),
('1000004', N'Phạm Thị Mai', '0987654321', N'phamthimai@example.com',N'123456'),
('1000005', N'Vũ Kim Ngân', '0123456789', 'vukimngan@example.com',N'123456'),
('1000006', N'Đinh Minh Quân', '0987654321', N'dinhminhquan@example.com',N'123456'),
('1000007', N'Nguyễn Thị Hoa', '0123456789', N'nguyenthihoa@example.com',N'123456'),
('1000008', N'Lê Văn Nam', '0987654321', N'levannam@example.com',N'123456'),
('1000009', N'Phạm Thị Ánh', '0123456789', N'phamthianh@example.com',N'123456'),
('1000010', N'Vũ Kim Chi', '0987654321', N'vukimchi@example.com',N'123456'),
('1000011', N'Đinh Thị Thúy', '0123456789', N'dinhthithuy@example.com',N'123456'),
('1000012', N'Nguyễn Văn Minh', '0987654321', N'nguyenvanminh@example.com',N'123456'),
('1000013', N'Lê Thị Hòa', '0123456789', N'lethihoa@example.com',N'123456'),
('1000014', N'Phạm Minh Đức', '0987654321', N'phamminhduc@example.com',N'123456'),
('1000015', N'Vũ Kim Dung', '0123456789', N'vukimdung@example.com',N'123456'),
('1000016', N'Đinh Thị Trang', '0987654321', N'dinhthitrang@example.com',N'123456'),
('1000017', N'Nguyễn Thị Ngọc', '0123456789', N'nguyenthingoc@example.com',N'123456'),
('1000018', N'Lê Văn Tuấn', '0987654321', N'levantuan@example.com',N'123456'),
('1000019', N'Phạm Thị Thanh', '0123456789', N'phamthithanh@example.com',N'123456'),
('1000020', N'Vũ Kim Oanh', '0987654321', N'vukimoanh@example.com',N'123456'),
('1000021', N'Trần Thị Hồng', '0123456789', 'tranthihong@example.com',N'123456'),
('1000022', N'Lê Văn Hiếu', '0987654321', 'levanhieu@example.com',N'123456'),
('1000023', N'Phạm Thị Xuân', '0123456789', 'phamthixuan@example.com',N'123456'),
('1000024', N'Vũ Kim Linh', '0987654321', 'vukimlinh@example.com',N'123456'),
('1000025', N'Đinh Minh Hằng', '0123456789', N'dinhminhhang@example.com',N'123456'),
('1000026', N'Nguyễn Thị My', '0987654321', N'nguyenthimy@example.com',N'123456'),
('1000027', N'Lê Văn Khánh', '0123456789', N'levankhanh@example.com',N'123456'),
('1000028', N'Phạm Minh Tuấn', '0987654321', N'phamminhtu@example.com',N'123456'),
('1000029', N'Vũ Kim Ánh', '0123456789', N'vukimanh@example.com',N'123456'),
('1000030', N'Đinh Thị Lệ', '0987654321', N'dinhthile@example.com',N'123456'),
('1000031', N'Nguyễn Văn Thành', '0123456789', N'nguyenvanthanh@example.com',N'123456'),
('1000032', N'Lê Thị Trang', '0987654321', N'lethitrang@example.com',N'123456'),
('1000033', N'Phạm Thị Lan Anh', '0123456789', N'phamthilananh@example.com',N'123456'),
('1000034', N'Vũ Kim Hằng', '0987654321', N'vukimhang@example.com',N'123456'),
('1000035', N'Đinh Minh Hiếu', '0123456789', N'dinhminhhieu@example.com',N'123456'),
('1000036', N'Nguyễn Thị Lụa', '0987654321', N'nguyenthilua@example.com',N'123456'),
('1000037', N'Lê Văn Duy', '0123456789', N'levantuy@example.com',N'123456'),
('1000038', N'Phạm Minh Khánh', '0987654321', N'phamminhkhanh@example.com',N'123456'),
('1000039', N'Vũ Kim Trang', '0123456789', N'vukimtrang@example.com',N'123456'),
('1000040', N'Đinh Thị Thảo', '0987654321', N'dinhthithao@example.com',N'123456'),
('1000041', N'Nguyễn Thị Mai', '0987654321', N'nguyenthimai@example.com',N'123456'),
('1000042', N'Trần Văn Trọng', '0987654321', N'tranvantrong@example.com',N'123456'),
('1000043', N'Lê Thị Lan', '0987654321', N'lethilan@example.com',N'123456'),
('1000044', N'Phạm Trọng Minh', '0987654321', N'phamtrongminh@example.com',N'123456'),
('1000045', N'Võ Thị Hương', '0987654321', N'vothihung@example.com',N'123456'),
('1000046', N'Đinh Minh Tiến', '0987654321', N'dinhminhtien@example.com',N'123456'),
('1000047', N'Lý Thị Mai', '0987654321', N'lythimai@example.com',N'123456'),
('1000048', N'Bùi Văn Anh', '0987654321', N'buivananh@example.com',N'123456'),
('1000049', N'Đào Thị Tuyết', '0987654321', N'daothituyet@example.com',N'123456'),
('1000050', N'Huỳnh Văn Minh', '0987654321', N'huynvanminh@example.com',N'123456'),
('1000051', N'Nguyễn Thị Lan', '0987654321', N'nguyenthilan@example.com',N'123456'),
('1000052', N'Trần Văn Trọng', '0987654321', N'tranvantrong@example.com',N'123456'),
('1000053', N'Nguyễn Thị Mai', '0987654322', N'nguyenthimai@example.com',N'123456'),
('1000054', N'Lê Văn An', '0987654323', N'levanan@example.com',N'123456'),
('1000055', N'Phạm Thị Hoa', '0987654324', N'phamthihoa@example.com',N'123456'),
('1000056', N'Hoàng Minh Đức', '0987654325', N'hoangminhduc@example.com',N'123456'),
('1000057', N'Đỗ Thị Bích', '0987654326', N'dothibich@example.com',N'123456'),
('1000058', N'Phan Văn Nam', '0987654327', N'phanvannam@example.com',N'123456'),
('1000059', N'Ngô Thị Lan', '0987654328', N'ngothilan@example.com',N'123456'),
('1000060', N'Vũ Văn Toàn', '0987654329', N'vuvantoan@example.com',N'123456');
Create table PMT(
maphieu char(4) primary key not null, 
masv char(7) not null,
ngaylap date not null,
hantra date not null, 
);
Alter table PMT 
ADD constraint KPMT
foreign key (masv) references Sinhvien(masv)
UPDATE PMT
SET hantra = DATEADD(MONTH, 5, ngaylap);
INSERT INTO PMT (maphieu, masv, ngaylap, hantra) VALUES
('P001', '1000001', '2000-09-01', '2001-02-01'),
('P002', '1000002', '2023-09-09', '2024-02-09'),
('P003', '1000003', '2023-08-14', '2024-01-14'),
('P004', '1000004', '2023-07-19', '2023-12-19'),
('P005', '1000005', '2023-06-24', '2023-11-24'),
('P006', '1000006', '2023-05-29', '2023-10-29'),
('P007', '1000007', '2023-05-04', '2023-10-04'),
('P008', '1000008', '2023-04-09', '2023-09-09'),
('P009', '1000009', '2023-03-14', '2023-08-14'),
('P010', '1000010', '2023-02-19', '2023-07-19'),
('P011', '1000010', '2023-01-24', '2023-06-24'),
('P012', '1000010', '2022-12-29', '2023-05-29'),
('P013', '1000013', '2022-11-24', '2023-04-24'),
('P014', '1000014', '2022-10-19', '2023-03-19'),
('P015', '1000015', '2022-09-14', '2023-02-14'),
('P016', '1000016', '2022-08-09', '2023-01-09'),
('P017', '1000010', '2022-07-04', '2022-12-04'),
('P018', '1000018', '2022-06-29', '2022-11-29'),
('P019', '1000019', '2022-05-24', '2022-10-24'),
('P020', '1000020', '2022-04-19', '2022-09-19'),
('P021', '1000021', '2023-03-24', '2023-08-24'),
('P022', '1000022', '2023-02-19', '2023-07-19'),
('P023', '1000023', '2023-01-24', '2023-06-24'),
('P024', '1000020', '2022-12-29', '2023-05-29'),
('P025', '1000020', '2022-11-24', '2023-04-24'),
('P026', '1000026', '2022-10-19', '2023-03-19'),
('P027', '1000027', '2022-09-14', '2023-02-14'),
('P028', '1000026', '2022-08-09', '2023-01-09'),
('P029', '1000029', '2022-07-04', '2022-12-04'),
('P030', '1000030', '2022-06-29', '2022-11-29'),
('P031', '1000031', '2022-05-24', '2022-10-24'),
('P032', '1000032', '2022-04-19', '2022-09-19'),
('P033', '1000033', '2023-10-09', '2024-03-09'),
('P034', '1000034', '2023-09-14', '2024-02-14'),
('P035', '1000035', '2023-08-19', '2024-01-19'),
('P036', '1000002', '2023-07-24', '2023-12-24'),
('P037', '1000037', '2023-06-29', '2023-11-29'),
('P038', '1000038', '2023-05-24', '2023-10-24'),
('P039', '1000010', '2023-04-19', '2023-09-19'),
('P040', '1000040', '2023-03-24', '2023-08-24'),
('P041', '1000041', '2023-01-01', '2023-06-01'),
('P042', '1000042', '2023-02-01', '2023-07-01'),
('P043', '1000043', '2023-03-01', '2023-08-01'),
('P044', '1000044', '2023-04-01', '2023-09-01'),
('P045', '1000045', '2023-05-01', '2023-10-01'),
('P046', '1000046', '2023-06-01', '2023-11-01'),
('P047', '1000047', '2023-07-01', '2023-12-01'),
('P048', '1000048', '2023-08-01', '2024-01-01'),
('P049', '1000049', '2023-09-01', '2024-02-01'),
('P050', '1000050', '2023-10-01', '2024-03-01'),
('P051', '1000051', '2023-11-01', '2024-04-01'),
('P052', '1000052', '2023-12-01', '2024-05-01'),
('P053', '1000053', '2024-01-01', '2024-05-28'),
('P054', '1000054', '2024-01-15', '2024-05-28'),
('P055', '1000055', '2024-02-01', '2024-05-28'),
('P056', '1000056', '2024-02-15', '2024-05-28'),
('P057', '1000057', '2024-03-01', '2024-05-28'),
('P058', '1000058', '2024-03-15', '2024-05-28'),
('P059', '1000059', '2024-04-01', '2024-05-28'),
('P060', '1000060', '2024-04-15', '2024-05-28');



Create table ChitietMT(
masach char(4) not null,
maphieu char(4) not null,
ngaytra date,
hientrangmuon char(1) not null,
hientrangsau char(1),
Primary key (masach, maphieu),
foreign key (masach) references Sach(masach),
foreign key (maphieu) references PMT(maphieu)
);
INSERT INTO ChitietMT (masach, maphieu, ngaytra, hientrangmuon, hientrangsau) VALUES
('S000', 'P001', '2001-03-01', '1', '2'),
('S001', 'P002', '2024-03-09', '1', '4'),
('S002', 'P003', '2024-02-14', '1', '3'),
('S003', 'P004', '2024-01-19', '1', '1'),
('S004', 'P005', '2023-12-24', '1', '4'),
('S005', 'P006', '2023-11-29', '1', '2'),
('S006', 'P007', '2023-11-04', '1', '3'),
('S007', 'P008', '2023-10-09', '1', '1'),
('S008', 'P009', '2023-09-14', '1', '4'),
('S009', 'P010', '2023-08-19', '1', '2'),
('S010', 'P011', '2023-07-24', '1', '3'),
('S011', 'P012', '2023-06-29', '1', '1'),
('S012', 'P013', '2023-05-24', '1', '4'),
('S013', 'P014', '2023-04-19', '1', '2'),
('S014', 'P015', '2023-03-14', '1', '3'),
('S015', 'P016', '2023-02-09', '1', '1'),
('S016', 'P017', '2023-01-04', '1', '4'),
('S017', 'P018', '2022-12-29', '1', '2'),
('S018', 'P019', '2022-11-24', '1', '3'),
('S019', 'P020', '2022-10-19', '1', '1'),
('S015', 'P020', '2022-09-19', '1', '3'),
('S007', 'P021', '2023-08-24', '1', '2'),
('S019', 'P022', '2023-07-19', '1', '1'),
('S023', 'P023', '2023-06-24', '1', '4'),
('S003', 'P024', '2023-05-29', '1', '2'),
('S011', 'P025', '2023-04-24', '1', '3'),
('S001', 'P026', '2023-03-19', '1', '4'),
('S034', 'P027', '2023-02-14', '1', '1'),
('S022', 'P028', '2023-01-09', '1', '2'),
('S018', 'P029', '2022-12-04', '1', '3'),
('S036', 'P030', '2022-11-29', '1', '4'),
('S024', 'P031', '2022-10-24', '1', '2'),
('S005', 'P032', '2022-09-19', '1', '1'),
('S030', 'P033', '2024-03-09', '1', '3'),
('S038', 'P034', '2024-02-14', '1', '4'),
('S009', 'P035', '2024-01-19', '1', '1'),
('S021', 'P036', '2023-12-24', '1', '2'),
('S014', 'P037', '2023-11-29', '1', '3'),
('S027', 'P038', '2023-10-24', '1', '4'),
('S039', 'P039', '2023-09-19', '1', '1'),
('S016', 'P040', '2023-08-24', '1', '2'),
('S012', 'P041', '2023-06-01', '2', '4'),
('S028', 'P042', '2023-07-01', '3', '4'),
('S035', 'P043', '2023-08-01', '2', '3'),
('S006', 'P044', '2023-09-01', '3', '3'),
('S013', 'P045', '2023-10-01', '2', '2'),
('S029', 'P046', '2023-11-01', '3', '4'),
('S017', 'P047', '2023-12-01', '4', '4'),
('S004', 'P048', '2024-01-01', '2', '3'),
('S031', 'P049', '2024-02-01', '3', '3'),
('S008', 'P050', '2024-03-01', '2', '4'),
('S020', 'P051', '2023-11-01', '2', '3'),
('S021', 'P052', '2023-12-01', '1', '1'),
('S022', 'P053', '2024-01-01', '2', '2'), 
('S023', 'P054', '2024-01-15', '3', '3'), 
('S024', 'P055', '2024-02-01', '4', '4'), 
('S025', 'P056', '2024-02-15', '2', '2'), 
('S026', 'P057', '2024-03-01', '3', '3'), 
('S027', 'P058', '2024-03-15', '4', '4'), 
('S028', 'P059', '2024-04-01', '2', '2'), 
('S029', 'P060', '2024-04-15', '3', '4'); 


